{
    "FID_latent/male2female": 51.49670651778499,
    "FID_latent/female2male": 40.26692344763531,
    "FID_latent/mean": 45.881814982710154
}