{
    "FID_reference/male2female": 73.27953778740309,
    "FID_reference/female2male": 66.4088634794791,
    "FID_reference/mean": 69.84420063344109
}